picture_link,is_clear
data/stego_data/person_0874.jpg,0
data/stego_data/person_0131.jpg,0
data/clear_data/person_0858.jpg,1
data/clear_data/person_0197.jpg,1
data/clear_data/person_0333.jpg,1
data/clear_data/person_0060.jpg,1
data/stego_data/person_0049.jpg,0
data/clear_data/person_0715.jpg,1
data/clear_data/person_0532.jpg,1
data/stego_data/person_0734.jpg,0
data/clear_data/person_0351.jpg,1
data/clear_data/person_0885.jpg,1
data/clear_data/person_0934.jpg,1
data/stego_data/person_0591.jpg,0
data/stego_data/person_0394.jpg,0
data/clear_data/person_0056.jpg,1
data/stego_data/person_0448.jpg,0
data/clear_data/person_0593.jpg,1
data/stego_data/person_0708.jpg,0
data/stego_data/person_0635.jpg,0
data/clear_data/person_0180.jpg,1
data/clear_data/person_0654.jpg,1
data/clear_data/person_0485.jpg,1
data/clear_data/person_0018.jpg,1
data/stego_data/person_0393.jpg,0
data/clear_data/person_0555.jpg,1
data/stego_data/person_0790.jpg,0
data/clear_data/person_0027.jpg,1
data/clear_data/person_0911.jpg,1
data/stego_data/person_0384.jpg,0
data/clear_data/person_0132.jpg,1
data/stego_data/person_0712.jpg,0
data/clear_data/person_0422.jpg,1
data/clear_data/person_0092.jpg,1
data/clear_data/person_0259.jpg,1
data/stego_data/person_0363.jpg,0
data/stego_data/person_0009.jpg,0
data/stego_data/person_0526.jpg,0
data/stego_data/person_0007.jpg,0
data/clear_data/person_0923.jpg,1
data/clear_data/person_0170.jpg,1
data/clear_data/person_0975.jpg,1
data/clear_data/person_0859.jpg,1
data/clear_data/person_0249.jpg,1
data/clear_data/person_0314.jpg,1
data/clear_data/person_0148.jpg,1
data/clear_data/person_0432.jpg,1
data/stego_data/person_0952.jpg,0
data/clear_data/person_0607.jpg,1
data/stego_data/person_0236.jpg,0
data/stego_data/person_0864.jpg,0
data/clear_data/person_0216.jpg,1
data/clear_data/person_0533.jpg,1
data/stego_data/person_0869.jpg,0
data/clear_data/person_0499.jpg,1
data/stego_data/person_0751.jpg,0
data/stego_data/person_0370.jpg,0
data/stego_data/person_0227.jpg,0
data/stego_data/person_0687.jpg,0
data/stego_data/person_0250.jpg,0
data/clear_data/person_0501.jpg,1
data/clear_data/person_0521.jpg,1
data/stego_data/person_0812.jpg,0
data/stego_data/person_0896.jpg,0
data/stego_data/person_0153.jpg,0
data/clear_data/person_0495.jpg,1
data/clear_data/person_0168.jpg,1
data/stego_data/person_0085.jpg,0
data/stego_data/person_0982.jpg,0
data/clear_data/person_0913.jpg,1
data/clear_data/person_0563.jpg,1
data/clear_data/person_0264.jpg,1
data/stego_data/person_0581.jpg,0
data/stego_data/person_0761.jpg,0
data/clear_data/person_0136.jpg,1
data/clear_data/person_0196.jpg,1
data/stego_data/person_0902.jpg,0
data/stego_data/person_0985.jpg,0
data/clear_data/person_0381.jpg,1
data/clear_data/person_0311.jpg,1
data/stego_data/person_0810.jpg,0
data/stego_data/person_0819.jpg,0
data/clear_data/person_0706.jpg,1
data/stego_data/person_0075.jpg,0
data/clear_data/person_0408.jpg,1
data/clear_data/person_0223.jpg,1
data/stego_data/person_0522.jpg,0
data/clear_data/person_0601.jpg,1
data/stego_data/person_0608.jpg,0
data/clear_data/person_0363.jpg,1
data/stego_data/person_0753.jpg,0
data/stego_data/person_0787.jpg,0
data/stego_data/person_0914.jpg,0
data/clear_data/person_0440.jpg,1
data/stego_data/person_0392.jpg,0
data/clear_data/person_0457.jpg,1
data/stego_data/person_0527.jpg,0
data/clear_data/person_0315.jpg,1
data/clear_data/person_0273.jpg,1
data/stego_data/person_0686.jpg,0
data/stego_data/person_0400.jpg,0
data/clear_data/person_0954.jpg,1
data/clear_data/person_0520.jpg,1
data/stego_data/person_0613.jpg,0
data/stego_data/person_0129.jpg,0
data/clear_data/person_0713.jpg,1
data/clear_data/person_0703.jpg,1
data/stego_data/person_0332.jpg,0
data/clear_data/person_0173.jpg,1
data/stego_data/person_0037.jpg,0
data/stego_data/person_0583.jpg,0
data/stego_data/person_0647.jpg,0
data/stego_data/person_0763.jpg,0
data/clear_data/person_0851.jpg,1
data/clear_data/person_0527.jpg,1
data/clear_data/person_0675.jpg,1
data/stego_data/person_0406.jpg,0
data/stego_data/person_0118.jpg,0
data/clear_data/person_0568.jpg,1
data/clear_data/person_0751.jpg,1
data/clear_data/person_0960.jpg,1
data/clear_data/person_0853.jpg,1
data/stego_data/person_0694.jpg,0
data/stego_data/person_0355.jpg,0
data/clear_data/person_0393.jpg,1
data/clear_data/person_0895.jpg,1
data/clear_data/person_0142.jpg,1
data/clear_data/person_0282.jpg,1
data/clear_data/person_0068.jpg,1
data/stego_data/person_0083.jpg,0
data/stego_data/person_0632.jpg,0
data/clear_data/person_0285.jpg,1
data/clear_data/person_0047.jpg,1
data/stego_data/person_0088.jpg,0
data/clear_data/person_0261.jpg,1
data/stego_data/person_0450.jpg,0
data/clear_data/person_0069.jpg,1
data/stego_data/person_0069.jpg,0
data/clear_data/person_0629.jpg,1
data/stego_data/person_0212.jpg,0
data/stego_data/person_0061.jpg,0
data/clear_data/person_0823.jpg,1
data/clear_data/person_0579.jpg,1
data/clear_data/person_0478.jpg,1
data/stego_data/person_0688.jpg,0
data/stego_data/person_0258.jpg,0
data/clear_data/person_0732.jpg,1
data/stego_data/person_0684.jpg,0
data/stego_data/person_0685.jpg,0
data/stego_data/person_0649.jpg,0
data/stego_data/person_0082.jpg,0
data/stego_data/person_0659.jpg,0
data/clear_data/person_0512.jpg,1
data/stego_data/person_0317.jpg,0
data/stego_data/person_0419.jpg,0
data/clear_data/person_0011.jpg,1
data/stego_data/person_0487.jpg,0
data/stego_data/person_0299.jpg,0
data/stego_data/person_0262.jpg,0
data/clear_data/person_0801.jpg,1
data/clear_data/person_0637.jpg,1
data/clear_data/person_0689.jpg,1
data/stego_data/person_0640.jpg,0
data/stego_data/person_0514.jpg,0
data/stego_data/person_0932.jpg,0
data/clear_data/person_0540.jpg,1
data/stego_data/person_0572.jpg,0
data/stego_data/person_0879.jpg,0
data/stego_data/person_0030.jpg,0
data/clear_data/person_0790.jpg,1
data/stego_data/person_0875.jpg,0
data/clear_data/person_0411.jpg,1
data/clear_data/person_0367.jpg,1
data/clear_data/person_0096.jpg,1
data/clear_data/person_0573.jpg,1
data/stego_data/person_0555.jpg,0
data/clear_data/person_0905.jpg,1
data/stego_data/person_0014.jpg,0
data/clear_data/person_0603.jpg,1
data/clear_data/person_0231.jpg,1
data/stego_data/person_0606.jpg,0
data/stego_data/person_0138.jpg,0
data/clear_data/person_0390.jpg,1
data/clear_data/person_0014.jpg,1
data/clear_data/person_0915.jpg,1
data/clear_data/person_0290.jpg,1
data/clear_data/person_0676.jpg,1
data/stego_data/person_0020.jpg,0
data/clear_data/person_0861.jpg,1
data/stego_data/person_0882.jpg,0
data/clear_data/person_0822.jpg,1
data/clear_data/person_0506.jpg,1
data/stego_data/person_0165.jpg,0
data/stego_data/person_0755.jpg,0
data/stego_data/person_0963.jpg,0
data/stego_data/person_0805.jpg,0
data/clear_data/person_0029.jpg,1
data/stego_data/person_0204.jpg,0
data/clear_data/person_0004.jpg,1
data/clear_data/person_0628.jpg,1
data/clear_data/person_0774.jpg,1
data/stego_data/person_0441.jpg,0
data/stego_data/person_0545.jpg,0
data/clear_data/person_0181.jpg,1
data/stego_data/person_0067.jpg,0
data/stego_data/person_0929.jpg,0
data/stego_data/person_0742.jpg,0
data/clear_data/person_0343.jpg,1
data/stego_data/person_0132.jpg,0
data/clear_data/person_0373.jpg,1
data/stego_data/person_0622.jpg,0
data/clear_data/person_0396.jpg,1
data/clear_data/person_0431.jpg,1
data/clear_data/person_0781.jpg,1
data/clear_data/person_0245.jpg,1
data/clear_data/person_0448.jpg,1
data/clear_data/person_0940.jpg,1
data/stego_data/person_0885.jpg,0
data/clear_data/person_0766.jpg,1
data/stego_data/person_0509.jpg,0
data/stego_data/person_0551.jpg,0
data/stego_data/person_0560.jpg,0
data/stego_data/person_0106.jpg,0
data/stego_data/person_0151.jpg,0
data/clear_data/person_0856.jpg,1
data/stego_data/person_0692.jpg,0
data/stego_data/person_0920.jpg,0
data/clear_data/person_0919.jpg,1
data/stego_data/person_0368.jpg,0
data/clear_data/person_0773.jpg,1
data/stego_data/person_0342.jpg,0
data/stego_data/person_0452.jpg,0
data/stego_data/person_0661.jpg,0
data/stego_data/person_0418.jpg,0
data/stego_data/person_0245.jpg,0
data/stego_data/person_0145.jpg,0
data/clear_data/person_0479.jpg,1
data/stego_data/person_0162.jpg,0
data/stego_data/person_0442.jpg,0
data/stego_data/person_0269.jpg,0
data/stego_data/person_0427.jpg,0
data/clear_data/person_0072.jpg,1
data/clear_data/person_0287.jpg,1
data/clear_data/person_0967.jpg,1
data/stego_data/person_0451.jpg,0
data/stego_data/person_0677.jpg,0
data/clear_data/person_0374.jpg,1
data/stego_data/person_0159.jpg,0
data/stego_data/person_0714.jpg,0
data/stego_data/person_0669.jpg,0
data/stego_data/person_0517.jpg,0
data/clear_data/person_0317.jpg,1
data/clear_data/person_0015.jpg,1
data/stego_data/person_0912.jpg,0
data/clear_data/person_0194.jpg,1
data/stego_data/person_0962.jpg,0
data/clear_data/person_0875.jpg,1
data/clear_data/person_0567.jpg,1
data/clear_data/person_0602.jpg,1
data/clear_data/person_0354.jpg,1
data/clear_data/person_0631.jpg,1
data/stego_data/person_0852.jpg,0
data/stego_data/person_0624.jpg,0
data/stego_data/person_0642.jpg,0
data/stego_data/person_0698.jpg,0
data/clear_data/person_0693.jpg,1
data/stego_data/person_0334.jpg,0
data/clear_data/person_0722.jpg,1
data/clear_data/person_0697.jpg,1
data/stego_data/person_0345.jpg,0
data/stego_data/person_0897.jpg,0
data/clear_data/person_0609.jpg,1
data/stego_data/person_0209.jpg,0
data/clear_data/person_0505.jpg,1
data/stego_data/person_0730.jpg,0
data/clear_data/person_0709.jpg,1
data/stego_data/person_0301.jpg,0
data/clear_data/person_0362.jpg,1
data/stego_data/person_0814.jpg,0
data/stego_data/person_0767.jpg,0
data/clear_data/person_0164.jpg,1
data/stego_data/person_0654.jpg,0
data/clear_data/person_0368.jpg,1
data/clear_data/person_0566.jpg,1
data/clear_data/person_0839.jpg,1
data/stego_data/person_0589.jpg,0
data/stego_data/person_0274.jpg,0
data/clear_data/person_0160.jpg,1
data/stego_data/person_0233.jpg,0
data/stego_data/person_0941.jpg,0
data/clear_data/person_0604.jpg,1
data/clear_data/person_0906.jpg,1
data/clear_data/person_0728.jpg,1
data/stego_data/person_0960.jpg,0
data/stego_data/person_0779.jpg,0
data/stego_data/person_0433.jpg,0
data/clear_data/person_0943.jpg,1
data/stego_data/person_0806.jpg,0
data/stego_data/person_0519.jpg,0
data/stego_data/person_0830.jpg,0
data/stego_data/person_0177.jpg,0
data/stego_data/person_0076.jpg,0
data/stego_data/person_0376.jpg,0
data/clear_data/person_0605.jpg,1
data/clear_data/person_0825.jpg,1
data/clear_data/person_0140.jpg,1
data/clear_data/person_0095.jpg,1
data/clear_data/person_0894.jpg,1
data/clear_data/person_0235.jpg,1
data/clear_data/person_0686.jpg,1
data/stego_data/person_0657.jpg,0
data/stego_data/person_0680.jpg,0
data/clear_data/person_0662.jpg,1
data/stego_data/person_0919.jpg,0
data/clear_data/person_0453.jpg,1
data/clear_data/person_0238.jpg,1
data/stego_data/person_0563.jpg,0
data/clear_data/person_0064.jpg,1
data/clear_data/person_0672.jpg,1
data/stego_data/person_0329.jpg,0
data/stego_data/person_0164.jpg,0
data/clear_data/person_0236.jpg,1
data/stego_data/person_0291.jpg,0
data/clear_data/person_0530.jpg,1
data/clear_data/person_0166.jpg,1
data/stego_data/person_0762.jpg,0
data/clear_data/person_0468.jpg,1
data/clear_data/person_0981.jpg,1
data/clear_data/person_0714.jpg,1
data/stego_data/person_0816.jpg,0
data/stego_data/person_0057.jpg,0
data/stego_data/person_0409.jpg,0
data/clear_data/person_0336.jpg,1
data/stego_data/person_0206.jpg,0
data/stego_data/person_0237.jpg,0
data/clear_data/person_0961.jpg,1
data/clear_data/person_0208.jpg,1
data/stego_data/person_0453.jpg,0
data/clear_data/person_0864.jpg,1
data/clear_data/person_0661.jpg,1
data/stego_data/person_0546.jpg,0
data/clear_data/person_0258.jpg,1
data/clear_data/person_0274.jpg,1
data/stego_data/person_0620.jpg,0
data/stego_data/person_0461.jpg,0
data/clear_data/person_0887.jpg,1
data/stego_data/person_0207.jpg,0
data/clear_data/person_0226.jpg,1
data/stego_data/person_0558.jpg,0
data/stego_data/person_0223.jpg,0
data/stego_data/person_0350.jpg,0
data/stego_data/person_0266.jpg,0
data/stego_data/person_0023.jpg,0
data/clear_data/person_0838.jpg,1
data/clear_data/person_0008.jpg,1
data/clear_data/person_0378.jpg,1
data/stego_data/person_0815.jpg,0
data/stego_data/person_0644.jpg,0
data/stego_data/person_0371.jpg,0
data/stego_data/person_0173.jpg,0
data/clear_data/person_0933.jpg,1
data/stego_data/person_0002.jpg,0
data/clear_data/person_0769.jpg,1
data/clear_data/person_0565.jpg,1
data/clear_data/person_0130.jpg,1
data/clear_data/person_0719.jpg,1
data/stego_data/person_0417.jpg,0
data/stego_data/person_0596.jpg,0
data/clear_data/person_0145.jpg,1
data/stego_data/person_0547.jpg,0
data/clear_data/person_0128.jpg,1
data/stego_data/person_0231.jpg,0
data/stego_data/person_0915.jpg,0
data/stego_data/person_0423.jpg,0
data/stego_data/person_0121.jpg,0
data/clear_data/person_0652.jpg,1
data/stego_data/person_0426.jpg,0
data/clear_data/person_0529.jpg,1
data/clear_data/person_0899.jpg,1
data/stego_data/person_0785.jpg,0
data/stego_data/person_0379.jpg,0
data/clear_data/person_0542.jpg,1
data/clear_data/person_0908.jpg,1
data/stego_data/person_0664.jpg,0
data/clear_data/person_0045.jpg,1
data/clear_data/person_0595.jpg,1
data/stego_data/person_0848.jpg,0
data/clear_data/person_0557.jpg,1
data/stego_data/person_0887.jpg,0
data/stego_data/person_0492.jpg,0
data/stego_data/person_0404.jpg,0
data/clear_data/person_0019.jpg,1
data/stego_data/person_0309.jpg,0
data/clear_data/person_0901.jpg,1
data/stego_data/person_0321.jpg,0
data/clear_data/person_0446.jpg,1
data/stego_data/person_0697.jpg,0
data/stego_data/person_0036.jpg,0
data/stego_data/person_0155.jpg,0
data/clear_data/person_0498.jpg,1
data/stego_data/person_0214.jpg,0
data/clear_data/person_0969.jpg,1
data/clear_data/person_0951.jpg,1
data/clear_data/person_0872.jpg,1
data/stego_data/person_0296.jpg,0
data/clear_data/person_0341.jpg,1
data/clear_data/person_0794.jpg,1
data/stego_data/person_0798.jpg,0
data/stego_data/person_0532.jpg,0
data/clear_data/person_0791.jpg,1
data/stego_data/person_0562.jpg,0
data/stego_data/person_0942.jpg,0
data/clear_data/person_0391.jpg,1
data/clear_data/person_0066.jpg,1
data/stego_data/person_0899.jpg,0
data/clear_data/person_0079.jpg,1
data/stego_data/person_0374.jpg,0
data/clear_data/person_0150.jpg,1
data/stego_data/person_0891.jpg,0
data/stego_data/person_0851.jpg,0
data/clear_data/person_0559.jpg,1
data/stego_data/person_0238.jpg,0
data/clear_data/person_0313.jpg,1
data/clear_data/person_0659.jpg,1
data/clear_data/person_0726.jpg,1
data/clear_data/person_0149.jpg,1
data/stego_data/person_0925.jpg,0
data/clear_data/person_0753.jpg,1
data/stego_data/person_0735.jpg,0
data/stego_data/person_0823.jpg,0
data/stego_data/person_0478.jpg,0
data/clear_data/person_0380.jpg,1
data/clear_data/person_0425.jpg,1
data/stego_data/person_0510.jpg,0
data/stego_data/person_0843.jpg,0
data/clear_data/person_0225.jpg,1
data/stego_data/person_0646.jpg,0
data/stego_data/person_0456.jpg,0
data/clear_data/person_0716.jpg,1
data/clear_data/person_0403.jpg,1
data/stego_data/person_0218.jpg,0
data/clear_data/person_0594.jpg,1
data/stego_data/person_0731.jpg,0
data/clear_data/person_0088.jpg,1
data/clear_data/person_0847.jpg,1
data/clear_data/person_0836.jpg,1
data/clear_data/person_0107.jpg,1
data/clear_data/person_0476.jpg,1
data/stego_data/person_0390.jpg,0
data/stego_data/person_0149.jpg,0
data/stego_data/person_0607.jpg,0
data/clear_data/person_0614.jpg,1
data/clear_data/person_0620.jpg,1
data/clear_data/person_0503.jpg,1
data/stego_data/person_0391.jpg,0
data/stego_data/person_0034.jpg,0
data/clear_data/person_0301.jpg,1
data/clear_data/person_0302.jpg,1
data/stego_data/person_0369.jpg,0
data/clear_data/person_0592.jpg,1
data/clear_data/person_0617.jpg,1
data/clear_data/person_0584.jpg,1
data/clear_data/person_0647.jpg,1
data/clear_data/person_0366.jpg,1
data/stego_data/person_0220.jpg,0
data/stego_data/person_0957.jpg,0
data/stego_data/person_0827.jpg,0
data/clear_data/person_0239.jpg,1
data/clear_data/person_0410.jpg,1
data/clear_data/person_0490.jpg,1
data/stego_data/person_0703.jpg,0
data/stego_data/person_0362.jpg,0
data/clear_data/person_0174.jpg,1
data/stego_data/person_0667.jpg,0
data/clear_data/person_0190.jpg,1
data/clear_data/person_0591.jpg,1
data/clear_data/person_0077.jpg,1
data/stego_data/person_0503.jpg,0
data/stego_data/person_0259.jpg,0
data/stego_data/person_0710.jpg,0
data/stego_data/person_0290.jpg,0
data/clear_data/person_0359.jpg,1
data/clear_data/person_0179.jpg,1
data/clear_data/person_0010.jpg,1
data/clear_data/person_0898.jpg,1
data/stego_data/person_0125.jpg,0
data/stego_data/person_0147.jpg,0
data/stego_data/person_0811.jpg,0
data/stego_data/person_0593.jpg,0
data/stego_data/person_0497.jpg,0
data/stego_data/person_0799.jpg,0
data/stego_data/person_0103.jpg,0
data/stego_data/person_0788.jpg,0
data/clear_data/person_0636.jpg,1
data/stego_data/person_0158.jpg,0
data/stego_data/person_0010.jpg,0
data/clear_data/person_0815.jpg,1
data/clear_data/person_0212.jpg,1
data/clear_data/person_0360.jpg,1
data/stego_data/person_0610.jpg,0
data/stego_data/person_0280.jpg,0
data/clear_data/person_0169.jpg,1
data/clear_data/person_0370.jpg,1
data/stego_data/person_0295.jpg,0
data/stego_data/person_0614.jpg,0
data/clear_data/person_0419.jpg,1
data/clear_data/person_0517.jpg,1
data/stego_data/person_0312.jpg,0
data/clear_data/person_0633.jpg,1
data/clear_data/person_0424.jpg,1
data/stego_data/person_0965.jpg,0
data/clear_data/person_0708.jpg,1
data/stego_data/person_0870.jpg,0
data/clear_data/person_0200.jpg,1
data/stego_data/person_0723.jpg,0
data/clear_data/person_0209.jpg,1
data/clear_data/person_0460.jpg,1
data/stego_data/person_0405.jpg,0
data/stego_data/person_0588.jpg,0
data/clear_data/person_0904.jpg,1
data/clear_data/person_0935.jpg,1
data/clear_data/person_0262.jpg,1
data/clear_data/person_0243.jpg,1
data/stego_data/person_0338.jpg,0
data/stego_data/person_0028.jpg,0
data/clear_data/person_0000.jpg,1
data/clear_data/person_0268.jpg,1
data/stego_data/person_0835.jpg,0
data/stego_data/person_0130.jpg,0
data/stego_data/person_0221.jpg,0
data/clear_data/person_0619.jpg,1
data/stego_data/person_0383.jpg,0
data/clear_data/person_0260.jpg,1
data/stego_data/person_0092.jpg,0
data/clear_data/person_0389.jpg,1
data/stego_data/person_0696.jpg,0
data/clear_data/person_0345.jpg,1
data/stego_data/person_0017.jpg,0
data/stego_data/person_0573.jpg,0
data/clear_data/person_0312.jpg,1
data/clear_data/person_0434.jpg,1
data/clear_data/person_0207.jpg,1
data/stego_data/person_0228.jpg,0
data/stego_data/person_0802.jpg,0
data/clear_data/person_0588.jpg,1
data/clear_data/person_0743.jpg,1
data/clear_data/person_0084.jpg,1
data/stego_data/person_0184.jpg,0
data/stego_data/person_0876.jpg,0
data/stego_data/person_0743.jpg,0
data/clear_data/person_0665.jpg,1
data/clear_data/person_0295.jpg,1
data/stego_data/person_0152.jpg,0
data/clear_data/person_0379.jpg,1
data/stego_data/person_0706.jpg,0
data/stego_data/person_0246.jpg,0
data/stego_data/person_0594.jpg,0
data/stego_data/person_0216.jpg,0
data/stego_data/person_0143.jpg,0
data/clear_data/person_0349.jpg,1
data/stego_data/person_0542.jpg,0
data/stego_data/person_0018.jpg,0
data/clear_data/person_0161.jpg,1
data/stego_data/person_0480.jpg,0
data/stego_data/person_0539.jpg,0
data/stego_data/person_0050.jpg,0
data/clear_data/person_0038.jpg,1
data/stego_data/person_0174.jpg,0
data/stego_data/person_0330.jpg,0
data/stego_data/person_0039.jpg,0
data/stego_data/person_0198.jpg,0
data/stego_data/person_0323.jpg,0
data/stego_data/person_0474.jpg,0
data/clear_data/person_0843.jpg,1
data/stego_data/person_0339.jpg,0
data/stego_data/person_0060.jpg,0
data/stego_data/person_0046.jpg,0
data/clear_data/person_0668.jpg,1
data/stego_data/person_0146.jpg,0
data/clear_data/person_0439.jpg,1
data/stego_data/person_0771.jpg,0
data/clear_data/person_0159.jpg,1
data/clear_data/person_0582.jpg,1
data/clear_data/person_0632.jpg,1
data/stego_data/person_0950.jpg,0
data/clear_data/person_0412.jpg,1
data/clear_data/person_0747.jpg,1
data/stego_data/person_0904.jpg,0
data/stego_data/person_0396.jpg,0
data/stego_data/person_0494.jpg,0
data/clear_data/person_0952.jpg,1
data/clear_data/person_0463.jpg,1
data/stego_data/person_0778.jpg,0
data/clear_data/person_0977.jpg,1
data/clear_data/person_0469.jpg,1
data/stego_data/person_0001.jpg,0
data/clear_data/person_0917.jpg,1
data/stego_data/person_0119.jpg,0
data/clear_data/person_0666.jpg,1
data/clear_data/person_0339.jpg,1
data/clear_data/person_0780.jpg,1
data/clear_data/person_0578.jpg,1
data/stego_data/person_0465.jpg,0
data/clear_data/person_0978.jpg,1
data/stego_data/person_0319.jpg,0
data/clear_data/person_0401.jpg,1
data/clear_data/person_0504.jpg,1
data/stego_data/person_0700.jpg,0
data/clear_data/person_0976.jpg,1
data/stego_data/person_0444.jpg,0
data/stego_data/person_0975.jpg,0
data/clear_data/person_0623.jpg,1
data/stego_data/person_0618.jpg,0
data/clear_data/person_0102.jpg,1
data/clear_data/person_0664.jpg,1
data/stego_data/person_0282.jpg,0
data/stego_data/person_0027.jpg,0
data/stego_data/person_0556.jpg,0
data/stego_data/person_0431.jpg,0
data/clear_data/person_0131.jpg,1
data/stego_data/person_0820.jpg,0
data/stego_data/person_0305.jpg,0
data/stego_data/person_0029.jpg,0
data/clear_data/person_0198.jpg,1
data/stego_data/person_0611.jpg,0
data/clear_data/person_0953.jpg,1
data/stego_data/person_0623.jpg,0
data/clear_data/person_0723.jpg,1
data/clear_data/person_0914.jpg,1
data/clear_data/person_0586.jpg,1
data/stego_data/person_0582.jpg,0
data/clear_data/person_0534.jpg,1
data/stego_data/person_0457.jpg,0
data/stego_data/person_0568.jpg,0
data/stego_data/person_0031.jpg,0
data/clear_data/person_0407.jpg,1
data/clear_data/person_0116.jpg,1
data/clear_data/person_0544.jpg,1
data/clear_data/person_0385.jpg,1
data/stego_data/person_0552.jpg,0
data/clear_data/person_0758.jpg,1
data/clear_data/person_0771.jpg,1
data/stego_data/person_0777.jpg,0
data/stego_data/person_0639.jpg,0
data/clear_data/person_0725.jpg,1
data/clear_data/person_0355.jpg,1
data/stego_data/person_0625.jpg,0
data/clear_data/person_0176.jpg,1
data/stego_data/person_0745.jpg,0
data/stego_data/person_0916.jpg,0
data/clear_data/person_0111.jpg,1
data/clear_data/person_0319.jpg,1
data/clear_data/person_0930.jpg,1
data/clear_data/person_0109.jpg,1
data/clear_data/person_0294.jpg,1
data/stego_data/person_0351.jpg,0
data/clear_data/person_0275.jpg,1
data/stego_data/person_0602.jpg,0
data/stego_data/person_0569.jpg,0
data/clear_data/person_0832.jpg,1
data/stego_data/person_0699.jpg,0
data/clear_data/person_0134.jpg,1
data/stego_data/person_0857.jpg,0
data/stego_data/person_0140.jpg,0
data/clear_data/person_0924.jpg,1
data/clear_data/person_0305.jpg,1
data/stego_data/person_0287.jpg,0
data/clear_data/person_0352.jpg,1
data/clear_data/person_0489.jpg,1
data/clear_data/person_0909.jpg,1
data/clear_data/person_0581.jpg,1
data/clear_data/person_0141.jpg,1
data/clear_data/person_0855.jpg,1
data/stego_data/person_0315.jpg,0
data/stego_data/person_0120.jpg,0
data/clear_data/person_0122.jpg,1
data/stego_data/person_0307.jpg,0
data/clear_data/person_0937.jpg,1
data/clear_data/person_0777.jpg,1
data/stego_data/person_0505.jpg,0
data/stego_data/person_0300.jpg,0
data/clear_data/person_0778.jpg,1
data/stego_data/person_0048.jpg,0
data/clear_data/person_0883.jpg,1
data/clear_data/person_0806.jpg,1
data/stego_data/person_0430.jpg,0
data/stego_data/person_0576.jpg,0
data/clear_data/person_0657.jpg,1
data/stego_data/person_0983.jpg,0
data/stego_data/person_0924.jpg,0
data/clear_data/person_0227.jpg,1
data/clear_data/person_0218.jpg,1
data/stego_data/person_0200.jpg,0
data/clear_data/person_0808.jpg,1
data/clear_data/person_0040.jpg,1
data/stego_data/person_0578.jpg,0
data/clear_data/person_0376.jpg,1
data/stego_data/person_0678.jpg,0
data/clear_data/person_0119.jpg,1
data/stego_data/person_0789.jpg,0
data/stego_data/person_0193.jpg,0
data/clear_data/person_0968.jpg,1
data/clear_data/person_0798.jpg,1
data/stego_data/person_0065.jpg,0
data/stego_data/person_0473.jpg,0
data/clear_data/person_0217.jpg,1
data/clear_data/person_0824.jpg,1
data/clear_data/person_0736.jpg,1
data/stego_data/person_0343.jpg,0
data/clear_data/person_0641.jpg,1
data/stego_data/person_0284.jpg,0
data/clear_data/person_0776.jpg,1
data/clear_data/person_0764.jpg,1
data/stego_data/person_0567.jpg,0
data/clear_data/person_0053.jpg,1
data/clear_data/person_0612.jpg,1
data/clear_data/person_0331.jpg,1
data/clear_data/person_0745.jpg,1
data/stego_data/person_0260.jpg,0
data/stego_data/person_0675.jpg,0
data/stego_data/person_0670.jpg,0
data/stego_data/person_0249.jpg,0
data/clear_data/person_0454.jpg,1
data/clear_data/person_0049.jpg,1
data/clear_data/person_0554.jpg,1
data/stego_data/person_0554.jpg,0
data/clear_data/person_0959.jpg,1
data/clear_data/person_0564.jpg,1
data/clear_data/person_0191.jpg,1
data/clear_data/person_0117.jpg,1
data/clear_data/person_0818.jpg,1
data/clear_data/person_0983.jpg,1
data/stego_data/person_0506.jpg,0
data/stego_data/person_0186.jpg,0
data/clear_data/person_0589.jpg,1
data/stego_data/person_0741.jpg,0
data/clear_data/person_0118.jpg,1
data/clear_data/person_0735.jpg,1
data/stego_data/person_0019.jpg,0
data/clear_data/person_0269.jpg,1
data/stego_data/person_0254.jpg,0
data/stego_data/person_0973.jpg,0
data/clear_data/person_0877.jpg,1
data/stego_data/person_0858.jpg,0
data/clear_data/person_0361.jpg,1
data/stego_data/person_0167.jpg,0
data/clear_data/person_0350.jpg,1
data/stego_data/person_0513.jpg,0
data/stego_data/person_0911.jpg,0
data/stego_data/person_0326.jpg,0
data/stego_data/person_0499.jpg,0
data/stego_data/person_0123.jpg,0
data/clear_data/person_0195.jpg,1
data/clear_data/person_0178.jpg,1
data/clear_data/person_0674.jpg,1
data/clear_data/person_0948.jpg,1
data/clear_data/person_0805.jpg,1
data/stego_data/person_0304.jpg,0
data/stego_data/person_0225.jpg,0
data/clear_data/person_0251.jpg,1
data/clear_data/person_0635.jpg,1
data/clear_data/person_0250.jpg,1
data/clear_data/person_0844.jpg,1
data/stego_data/person_0842.jpg,0
data/clear_data/person_0531.jpg,1
data/stego_data/person_0934.jpg,0
data/clear_data/person_0423.jpg,1
data/stego_data/person_0239.jpg,0
data/clear_data/person_0024.jpg,1
data/clear_data/person_0493.jpg,1
data/stego_data/person_0375.jpg,0
data/stego_data/person_0471.jpg,0
data/clear_data/person_0821.jpg,1
data/clear_data/person_0256.jpg,1
data/clear_data/person_0279.jpg,1
data/stego_data/person_0059.jpg,0
data/stego_data/person_0114.jpg,0
data/stego_data/person_0398.jpg,0
data/stego_data/person_0347.jpg,0
data/clear_data/person_0854.jpg,1
data/stego_data/person_0868.jpg,0
data/stego_data/person_0128.jpg,0
data/stego_data/person_0012.jpg,0
data/stego_data/person_0496.jpg,0
data/clear_data/person_0890.jpg,1
data/stego_data/person_0935.jpg,0
data/stego_data/person_0215.jpg,0
data/stego_data/person_0271.jpg,0
data/clear_data/person_0756.jpg,1
data/stego_data/person_0536.jpg,0
data/clear_data/person_0705.jpg,1
data/clear_data/person_0814.jpg,1
data/clear_data/person_0133.jpg,1
data/clear_data/person_0186.jpg,1
data/stego_data/person_0195.jpg,0
data/clear_data/person_0536.jpg,1
data/clear_data/person_0203.jpg,1
data/stego_data/person_0804.jpg,0
data/clear_data/person_0300.jpg,1
data/clear_data/person_0220.jpg,1
data/stego_data/person_0109.jpg,0
data/stego_data/person_0803.jpg,0
data/clear_data/person_0698.jpg,1
data/clear_data/person_0477.jpg,1
data/stego_data/person_0600.jpg,0
data/clear_data/person_0307.jpg,1
data/stego_data/person_0628.jpg,0
data/stego_data/person_0651.jpg,0
data/stego_data/person_0846.jpg,0
data/clear_data/person_0761.jpg,1
data/stego_data/person_0574.jpg,0
data/clear_data/person_0810.jpg,1
data/stego_data/person_0972.jpg,0
data/stego_data/person_0619.jpg,0
data/clear_data/person_0346.jpg,1
data/stego_data/person_0107.jpg,0
data/clear_data/person_0787.jpg,1
data/clear_data/person_0087.jpg,1
data/stego_data/person_0288.jpg,0
data/stego_data/person_0183.jpg,0
data/stego_data/person_0863.jpg,0
data/clear_data/person_0599.jpg,1
data/clear_data/person_0067.jpg,1
data/clear_data/person_0871.jpg,1
data/clear_data/person_0316.jpg,1
data/stego_data/person_0005.jpg,0
data/stego_data/person_0872.jpg,0
data/stego_data/person_0388.jpg,0
data/stego_data/person_0530.jpg,0
data/clear_data/person_0129.jpg,1
data/clear_data/person_0447.jpg,1
data/stego_data/person_0011.jpg,0
data/clear_data/person_0947.jpg,1
data/stego_data/person_0169.jpg,0
data/stego_data/person_0854.jpg,0
data/clear_data/person_0044.jpg,1
data/stego_data/person_0276.jpg,0
data/clear_data/person_0409.jpg,1
data/stego_data/person_0867.jpg,0
data/clear_data/person_0920.jpg,1
data/clear_data/person_0873.jpg,1
data/stego_data/person_0638.jpg,0
data/clear_data/person_0570.jpg,1
data/clear_data/person_0074.jpg,1
data/clear_data/person_0099.jpg,1
data/stego_data/person_0725.jpg,0
data/stego_data/person_0865.jpg,0
data/clear_data/person_0796.jpg,1
data/stego_data/person_0909.jpg,0
data/stego_data/person_0340.jpg,0
data/stego_data/person_0797.jpg,0
data/clear_data/person_0643.jpg,1
data/stego_data/person_0886.jpg,0
data/stego_data/person_0156.jpg,0
data/clear_data/person_0525.jpg,1
data/clear_data/person_0094.jpg,1
data/clear_data/person_0103.jpg,1
data/stego_data/person_0137.jpg,0
data/clear_data/person_0893.jpg,1
data/stego_data/person_0413.jpg,0
data/clear_data/person_0466.jpg,1
data/clear_data/person_0717.jpg,1
data/clear_data/person_0680.jpg,1
data/clear_data/person_0185.jpg,1
data/stego_data/person_0346.jpg,0
data/clear_data/person_0420.jpg,1
data/stego_data/person_0434.jpg,0
data/clear_data/person_0006.jpg,1
data/stego_data/person_0477.jpg,0
data/clear_data/person_0009.jpg,1
data/stego_data/person_0822.jpg,0
data/stego_data/person_0829.jpg,0
data/stego_data/person_0349.jpg,0
data/stego_data/person_0538.jpg,0
data/clear_data/person_0021.jpg,1
data/clear_data/person_0733.jpg,1
data/stego_data/person_0445.jpg,0
data/stego_data/person_0336.jpg,0
data/stego_data/person_0424.jpg,0
data/clear_data/person_0865.jpg,1
data/clear_data/person_0023.jpg,1
data/stego_data/person_0425.jpg,0
data/clear_data/person_0139.jpg,1
data/clear_data/person_0054.jpg,1
data/stego_data/person_0913.jpg,0
data/clear_data/person_0800.jpg,1
data/clear_data/person_0034.jpg,1
data/stego_data/person_0944.jpg,0
data/stego_data/person_0776.jpg,0
data/stego_data/person_0690.jpg,0
data/stego_data/person_0285.jpg,0
data/clear_data/person_0480.jpg,1
data/clear_data/person_0042.jpg,1
data/clear_data/person_0740.jpg,1
data/clear_data/person_0519.jpg,1
data/stego_data/person_0247.jpg,0
data/stego_data/person_0087.jpg,0
data/stego_data/person_0658.jpg,0
data/stego_data/person_0617.jpg,0
data/stego_data/person_0918.jpg,0
data/stego_data/person_0529.jpg,0
data/clear_data/person_0598.jpg,1
data/stego_data/person_0565.jpg,0
data/clear_data/person_0900.jpg,1
data/stego_data/person_0449.jpg,0
data/clear_data/person_0649.jpg,1
data/stego_data/person_0064.jpg,0
data/stego_data/person_0775.jpg,0
data/stego_data/person_0325.jpg,0
data/clear_data/person_0783.jpg,1
data/stego_data/person_0074.jpg,0
data/clear_data/person_0172.jpg,1
data/stego_data/person_0860.jpg,0
data/stego_data/person_0229.jpg,0
data/clear_data/person_0242.jpg,1
data/clear_data/person_0625.jpg,1
data/clear_data/person_0386.jpg,1
data/clear_data/person_0640.jpg,1
data/stego_data/person_0736.jpg,0
data/stego_data/person_0927.jpg,0
data/clear_data/person_0188.jpg,1
data/clear_data/person_0406.jpg,1
data/stego_data/person_0682.jpg,0
data/clear_data/person_0522.jpg,1
data/clear_data/person_0842.jpg,1
data/clear_data/person_0497.jpg,1
data/stego_data/person_0939.jpg,0
data/clear_data/person_0611.jpg,1
data/stego_data/person_0447.jpg,0
data/stego_data/person_0609.jpg,0
data/clear_data/person_0442.jpg,1
data/stego_data/person_0357.jpg,0
data/clear_data/person_0752.jpg,1
data/stego_data/person_0320.jpg,0
data/stego_data/person_0077.jpg,0
data/clear_data/person_0577.jpg,1
data/clear_data/person_0663.jpg,1
data/stego_data/person_0910.jpg,0
data/stego_data/person_0648.jpg,0
data/stego_data/person_0948.jpg,0
data/clear_data/person_0684.jpg,1
data/clear_data/person_0738.jpg,1
data/clear_data/person_0441.jpg,1
data/stego_data/person_0410.jpg,0
data/stego_data/person_0813.jpg,0
data/stego_data/person_0976.jpg,0
data/stego_data/person_0170.jpg,0
data/stego_data/person_0780.jpg,0
data/stego_data/person_0508.jpg,0
data/clear_data/person_0187.jpg,1
data/clear_data/person_0224.jpg,1
data/stego_data/person_0008.jpg,0
data/clear_data/person_0811.jpg,1
data/clear_data/person_0221.jpg,1
data/stego_data/person_0382.jpg,0
data/clear_data/person_0765.jpg,1
data/stego_data/person_0523.jpg,0
data/stego_data/person_0232.jpg,0
data/clear_data/person_0387.jpg,1
data/clear_data/person_0070.jpg,1
data/clear_data/person_0763.jpg,1
data/clear_data/person_0184.jpg,1
data/stego_data/person_0324.jpg,0
data/clear_data/person_0334.jpg,1
data/clear_data/person_0046.jpg,1
data/stego_data/person_0421.jpg,0
data/stego_data/person_0196.jpg,0
data/stego_data/person_0211.jpg,0
data/stego_data/person_0134.jpg,0
data/stego_data/person_0408.jpg,0
data/clear_data/person_0902.jpg,1
data/clear_data/person_0125.jpg,1
data/clear_data/person_0189.jpg,1
data/clear_data/person_0472.jpg,1
data/clear_data/person_0741.jpg,1
data/clear_data/person_0201.jpg,1
data/stego_data/person_0894.jpg,0
data/stego_data/person_0303.jpg,0
data/clear_data/person_0415.jpg,1
data/stego_data/person_0978.jpg,0
data/stego_data/person_0432.jpg,0
data/clear_data/person_0215.jpg,1
data/stego_data/person_0861.jpg,0
data/clear_data/person_0323.jpg,1
data/clear_data/person_0395.jpg,1
data/stego_data/person_0111.jpg,0
data/clear_data/person_0482.jpg,1
data/stego_data/person_0748.jpg,0
data/clear_data/person_0417.jpg,1
data/stego_data/person_0026.jpg,0
data/stego_data/person_0264.jpg,0
data/stego_data/person_0252.jpg,0
data/stego_data/person_0222.jpg,0
data/clear_data/person_0556.jpg,1
data/clear_data/person_0508.jpg,1
data/clear_data/person_0615.jpg,1
data/stego_data/person_0850.jpg,0
data/clear_data/person_0344.jpg,1
data/clear_data/person_0955.jpg,1
data/stego_data/person_0033.jpg,0
data/stego_data/person_0468.jpg,0
data/clear_data/person_0035.jpg,1
data/clear_data/person_0228.jpg,1
data/stego_data/person_0883.jpg,0
data/stego_data/person_0719.jpg,0
data/clear_data/person_0695.jpg,1
data/stego_data/person_0549.jpg,0
data/clear_data/person_0973.jpg,1
data/clear_data/person_0394.jpg,1
data/stego_data/person_0507.jpg,0
data/stego_data/person_0500.jpg,0
data/clear_data/person_0421.jpg,1
data/stego_data/person_0936.jpg,0
data/stego_data/person_0561.jpg,0
data/stego_data/person_0101.jpg,0
data/clear_data/person_0286.jpg,1
data/stego_data/person_0739.jpg,0
data/clear_data/person_0428.jpg,1
data/clear_data/person_0459.jpg,1
data/stego_data/person_0454.jpg,0
data/stego_data/person_0318.jpg,0
data/clear_data/person_0891.jpg,1
data/clear_data/person_0120.jpg,1
data/stego_data/person_0791.jpg,0
data/clear_data/person_0237.jpg,1
data/clear_data/person_0241.jpg,1
data/clear_data/person_0080.jpg,1
data/clear_data/person_0158.jpg,1
data/clear_data/person_0837.jpg,1
data/stego_data/person_0720.jpg,0
data/stego_data/person_0586.jpg,0
data/stego_data/person_0504.jpg,0
data/stego_data/person_0136.jpg,0
data/clear_data/person_0514.jpg,1
data/stego_data/person_0463.jpg,0
data/stego_data/person_0525.jpg,0
data/stego_data/person_0116.jpg,0
data/stego_data/person_0365.jpg,0
data/clear_data/person_0405.jpg,1
data/stego_data/person_0470.jpg,0
data/clear_data/person_0931.jpg,1
data/stego_data/person_0655.jpg,0
data/clear_data/person_0622.jpg,1
data/stego_data/person_0971.jpg,0
data/stego_data/person_0590.jpg,0
data/stego_data/person_0438.jpg,0
data/stego_data/person_0601.jpg,0
data/clear_data/person_0669.jpg,1
data/stego_data/person_0141.jpg,0
data/clear_data/person_0296.jpg,1
data/clear_data/person_0299.jpg,1
data/clear_data/person_0863.jpg,1
data/stego_data/person_0411.jpg,0
data/stego_data/person_0117.jpg,0
data/clear_data/person_0535.jpg,1
data/stego_data/person_0455.jpg,0
data/clear_data/person_0583.jpg,1
data/clear_data/person_0298.jpg,1
data/stego_data/person_0283.jpg,0
data/clear_data/person_0526.jpg,1
data/stego_data/person_0268.jpg,0
data/stego_data/person_0071.jpg,0
data/clear_data/person_0332.jpg,1
data/stego_data/person_0548.jpg,0
data/clear_data/person_0965.jpg,1
data/clear_data/person_0653.jpg,1
data/stego_data/person_0612.jpg,0
data/clear_data/person_0229.jpg,1
data/clear_data/person_0929.jpg,1
data/stego_data/person_0040.jpg,0
data/stego_data/person_0308.jpg,0
data/clear_data/person_0897.jpg,1
data/stego_data/person_0066.jpg,0
data/stego_data/person_0833.jpg,0
data/clear_data/person_0444.jpg,1
data/clear_data/person_0156.jpg,1
data/clear_data/person_0078.jpg,1
data/clear_data/person_0835.jpg,1
data/clear_data/person_0357.jpg,1
data/stego_data/person_0352.jpg,0
data/stego_data/person_0511.jpg,0
data/clear_data/person_0980.jpg,1
data/clear_data/person_0436.jpg,1
data/clear_data/person_0081.jpg,1
data/stego_data/person_0219.jpg,0
data/stego_data/person_0603.jpg,0
data/clear_data/person_0984.jpg,1
data/clear_data/person_0089.jpg,1
data/clear_data/person_0451.jpg,1
data/stego_data/person_0671.jpg,0
data/stego_data/person_0668.jpg,0
data/stego_data/person_0016.jpg,0
data/stego_data/person_0722.jpg,0
data/clear_data/person_0950.jpg,1
data/stego_data/person_0437.jpg,0
data/stego_data/person_0275.jpg,0
data/clear_data/person_0335.jpg,1
data/stego_data/person_0322.jpg,0
data/stego_data/person_0715.jpg,0
data/stego_data/person_0832.jpg,0
data/stego_data/person_0081.jpg,0
data/clear_data/person_0682.jpg,1
data/clear_data/person_0484.jpg,1
data/stego_data/person_0740.jpg,0
data/stego_data/person_0292.jpg,0
data/clear_data/person_0982.jpg,1
data/clear_data/person_0281.jpg,1
data/stego_data/person_0403.jpg,0
data/clear_data/person_0347.jpg,1
data/clear_data/person_0750.jpg,1
data/stego_data/person_0344.jpg,0
data/stego_data/person_0079.jpg,0
data/stego_data/person_0981.jpg,0
data/stego_data/person_0139.jpg,0
data/stego_data/person_0298.jpg,0
data/stego_data/person_0302.jpg,0
data/stego_data/person_0217.jpg,0
data/clear_data/person_0921.jpg,1
data/clear_data/person_0551.jpg,1
data/clear_data/person_0748.jpg,1
data/stego_data/person_0328.jpg,0
data/stego_data/person_0518.jpg,0
data/clear_data/person_0012.jpg,1
data/stego_data/person_0385.jpg,0
data/stego_data/person_0464.jpg,0
data/stego_data/person_0637.jpg,0
data/stego_data/person_0022.jpg,0
data/stego_data/person_0726.jpg,0
data/stego_data/person_0888.jpg,0
data/clear_data/person_0375.jpg,1
data/stego_data/person_0373.jpg,0
data/stego_data/person_0093.jpg,0
data/stego_data/person_0580.jpg,0
data/stego_data/person_0695.jpg,0
data/stego_data/person_0793.jpg,0
data/clear_data/person_0985.jpg,1
data/clear_data/person_0701.jpg,1
data/clear_data/person_0127.jpg,1
data/stego_data/person_0821.jpg,0
data/stego_data/person_0709.jpg,0
data/clear_data/person_0739.jpg,1
data/clear_data/person_0327.jpg,1
data/stego_data/person_0230.jpg,0
data/stego_data/person_0213.jpg,0
data/clear_data/person_0784.jpg,1
data/clear_data/person_0091.jpg,1
data/stego_data/person_0627.jpg,0
data/clear_data/person_0546.jpg,1
data/clear_data/person_0255.jpg,1
data/clear_data/person_0613.jpg,1
data/clear_data/person_0055.jpg,1
data/clear_data/person_0157.jpg,1
data/clear_data/person_0271.jpg,1
data/clear_data/person_0606.jpg,1
data/clear_data/person_0211.jpg,1
data/stego_data/person_0255.jpg,0
data/clear_data/person_0597.jpg,1
data/stego_data/person_0884.jpg,0
data/clear_data/person_0845.jpg,1
data/clear_data/person_0562.jpg,1
data/clear_data/person_0183.jpg,1
data/clear_data/person_0329.jpg,1
data/clear_data/person_0869.jpg,1
data/stego_data/person_0933.jpg,0
data/clear_data/person_0028.jpg,1
data/stego_data/person_0099.jpg,0
data/stego_data/person_0839.jpg,0
data/stego_data/person_0265.jpg,0
data/clear_data/person_0082.jpg,1
data/stego_data/person_0928.jpg,0
data/clear_data/person_0574.jpg,1
data/clear_data/person_0936.jpg,1
data/stego_data/person_0849.jpg,0
data/clear_data/person_0916.jpg,1
data/stego_data/person_0550.jpg,0
data/stego_data/person_0044.jpg,0
data/clear_data/person_0867.jpg,1
data/stego_data/person_0205.jpg,0
data/stego_data/person_0150.jpg,0
data/clear_data/person_0742.jpg,1
data/stego_data/person_0824.jpg,0
data/stego_data/person_0738.jpg,0
data/stego_data/person_0234.jpg,0
data/stego_data/person_0110.jpg,0
data/stego_data/person_0187.jpg,0
data/stego_data/person_0203.jpg,0
data/stego_data/person_0645.jpg,0
data/stego_data/person_0801.jpg,0
data/clear_data/person_0325.jpg,1
data/stego_data/person_0598.jpg,0
data/clear_data/person_0371.jpg,1
data/clear_data/person_0106.jpg,1
data/stego_data/person_0311.jpg,0
data/stego_data/person_0605.jpg,0
data/stego_data/person_0616.jpg,0
data/stego_data/person_0122.jpg,0
data/stego_data/person_0773.jpg,0
data/clear_data/person_0850.jpg,1
data/stego_data/person_0559.jpg,0
data/stego_data/person_0683.jpg,0
data/stego_data/person_0281.jpg,0
data/clear_data/person_0834.jpg,1
data/clear_data/person_0126.jpg,1
data/stego_data/person_0176.jpg,0
data/stego_data/person_0754.jpg,0
data/stego_data/person_0475.jpg,0
data/clear_data/person_0426.jpg,1
data/stego_data/person_0630.jpg,0
data/stego_data/person_0597.jpg,0
data/clear_data/person_0866.jpg,1
data/clear_data/person_0549.jpg,1
data/clear_data/person_0100.jpg,1
data/stego_data/person_0354.jpg,0
data/clear_data/person_0724.jpg,1
data/stego_data/person_0341.jpg,0
data/clear_data/person_0467.jpg,1
data/clear_data/person_0104.jpg,1
data/clear_data/person_0399.jpg,1
data/stego_data/person_0674.jpg,0
data/stego_data/person_0844.jpg,0
data/clear_data/person_0746.jpg,1
data/clear_data/person_0445.jpg,1
data/stego_data/person_0834.jpg,0
data/stego_data/person_0643.jpg,0
data/clear_data/person_0455.jpg,1
data/clear_data/person_0276.jpg,1
data/stego_data/person_0889.jpg,0
data/clear_data/person_0941.jpg,1
data/stego_data/person_0055.jpg,0
data/stego_data/person_0490.jpg,0
data/clear_data/person_0575.jpg,1
data/stego_data/person_0653.jpg,0
data/clear_data/person_0398.jpg,1
data/stego_data/person_0795.jpg,0
data/stego_data/person_0310.jpg,0
data/stego_data/person_0893.jpg,0
data/stego_data/person_0557.jpg,0
data/clear_data/person_0086.jpg,1
data/stego_data/person_0641.jpg,0
data/clear_data/person_0624.jpg,1
data/stego_data/person_0006.jpg,0
data/stego_data/person_0702.jpg,0
data/stego_data/person_0946.jpg,0
data/stego_data/person_0955.jpg,0
data/stego_data/person_0958.jpg,0
data/clear_data/person_0020.jpg,1
data/clear_data/person_0523.jpg,1
data/clear_data/person_0342.jpg,1
data/clear_data/person_0550.jpg,1
data/clear_data/person_0473.jpg,1
data/clear_data/person_0678.jpg,1
data/stego_data/person_0959.jpg,0
data/clear_data/person_0667.jpg,1
data/clear_data/person_0846.jpg,1
data/stego_data/person_0484.jpg,0
data/clear_data/person_0289.jpg,1
data/stego_data/person_0443.jpg,0
data/clear_data/person_0645.jpg,1
data/clear_data/person_0626.jpg,1
data/clear_data/person_0324.jpg,1
data/clear_data/person_0402.jpg,1
data/stego_data/person_0486.jpg,0
data/stego_data/person_0663.jpg,0
data/stego_data/person_0760.jpg,0
data/clear_data/person_0073.jpg,1
data/clear_data/person_0310.jpg,1
data/stego_data/person_0489.jpg,0
data/stego_data/person_0704.jpg,0
data/clear_data/person_0571.jpg,1
data/stego_data/person_0416.jpg,0
data/stego_data/person_0256.jpg,0
data/stego_data/person_0025.jpg,0
data/stego_data/person_0194.jpg,0
data/clear_data/person_0518.jpg,1
data/clear_data/person_0942.jpg,1
data/clear_data/person_0874.jpg,1
data/stego_data/person_0381.jpg,0
data/stego_data/person_0531.jpg,0
data/clear_data/person_0502.jpg,1
data/clear_data/person_0876.jpg,1
data/clear_data/person_0730.jpg,1
data/clear_data/person_0430.jpg,1
data/stego_data/person_0056.jpg,0
data/clear_data/person_0683.jpg,1
data/clear_data/person_0481.jpg,1
data/stego_data/person_0769.jpg,0
data/stego_data/person_0900.jpg,0
data/stego_data/person_0537.jpg,0
data/clear_data/person_0358.jpg,1
data/stego_data/person_0604.jpg,0
data/stego_data/person_0197.jpg,0
data/clear_data/person_0685.jpg,1
data/clear_data/person_0700.jpg,1
data/clear_data/person_0065.jpg,1
data/stego_data/person_0367.jpg,0
data/clear_data/person_0465.jpg,1
data/stego_data/person_0115.jpg,0
data/clear_data/person_0338.jpg,1
data/clear_data/person_0754.jpg,1
data/stego_data/person_0961.jpg,0
data/clear_data/person_0400.jpg,1
data/stego_data/person_0102.jpg,0
data/stego_data/person_0744.jpg,0
data/stego_data/person_0783.jpg,0
data/clear_data/person_0283.jpg,1
data/stego_data/person_0747.jpg,0
data/clear_data/person_0812.jpg,1
data/clear_data/person_0963.jpg,1
data/clear_data/person_0098.jpg,1
data/stego_data/person_0749.jpg,0
data/stego_data/person_0892.jpg,0
data/stego_data/person_0756.jpg,0
data/clear_data/person_0138.jpg,1
data/stego_data/person_0772.jpg,0
data/stego_data/person_0757.jpg,0
data/stego_data/person_0666.jpg,0
data/stego_data/person_0566.jpg,0
data/clear_data/person_0744.jpg,1
data/stego_data/person_0015.jpg,0
data/clear_data/person_0151.jpg,1
data/clear_data/person_0041.jpg,1
data/clear_data/person_0870.jpg,1
data/clear_data/person_0552.jpg,1
data/clear_data/person_0435.jpg,1
data/stego_data/person_0945.jpg,0
data/stego_data/person_0974.jpg,0
data/clear_data/person_0658.jpg,1
data/clear_data/person_0284.jpg,1
data/clear_data/person_0789.jpg,1
data/stego_data/person_0631.jpg,0
data/stego_data/person_0895.jpg,0
data/stego_data/person_0163.jpg,0
data/stego_data/person_0800.jpg,0
data/stego_data/person_0662.jpg,0
data/stego_data/person_0859.jpg,0
data/stego_data/person_0856.jpg,0
data/clear_data/person_0799.jpg,1
data/clear_data/person_0404.jpg,1
data/clear_data/person_0511.jpg,1
data/clear_data/person_0328.jpg,1
data/stego_data/person_0462.jpg,0
data/stego_data/person_0348.jpg,0
data/stego_data/person_0422.jpg,0
data/clear_data/person_0085.jpg,1
data/stego_data/person_0571.jpg,0
data/clear_data/person_0253.jpg,1
data/clear_data/person_0369.jpg,1
data/clear_data/person_0878.jpg,1
data/clear_data/person_0543.jpg,1
data/stego_data/person_0428.jpg,0
data/stego_data/person_0035.jpg,0
data/clear_data/person_0308.jpg,1
data/stego_data/person_0257.jpg,0
data/stego_data/person_0575.jpg,0
data/stego_data/person_0267.jpg,0
data/clear_data/person_0248.jpg,1
data/stego_data/person_0717.jpg,0
data/clear_data/person_0429.jpg,1
data/clear_data/person_0548.jpg,1
data/clear_data/person_0048.jpg,1
data/stego_data/person_0397.jpg,0
data/stego_data/person_0335.jpg,0
data/stego_data/person_0263.jpg,0
data/stego_data/person_0808.jpg,0
data/stego_data/person_0501.jpg,0
data/clear_data/person_0608.jpg,1
data/clear_data/person_0199.jpg,1
data/clear_data/person_0857.jpg,1
data/clear_data/person_0167.jpg,1
data/clear_data/person_0147.jpg,1
data/clear_data/person_0438.jpg,1
data/stego_data/person_0297.jpg,0
data/stego_data/person_0105.jpg,0
data/clear_data/person_0124.jpg,1
data/clear_data/person_0061.jpg,1
data/clear_data/person_0671.jpg,1
data/stego_data/person_0711.jpg,0
data/clear_data/person_0491.jpg,1
data/stego_data/person_0091.jpg,0
data/stego_data/person_0273.jpg,0
data/stego_data/person_0541.jpg,0
data/clear_data/person_0587.jpg,1
data/clear_data/person_0819.jpg,1
data/clear_data/person_0642.jpg,1
data/clear_data/person_0644.jpg,1
data/clear_data/person_0966.jpg,1
data/stego_data/person_0923.jpg,0
data/clear_data/person_0232.jpg,1
data/stego_data/person_0689.jpg,0
data/stego_data/person_0124.jpg,0
data/clear_data/person_0051.jpg,1
data/stego_data/person_0178.jpg,0
data/stego_data/person_0774.jpg,0
data/clear_data/person_0017.jpg,1
data/stego_data/person_0660.jpg,0
data/stego_data/person_0097.jpg,0
data/clear_data/person_0840.jpg,1
data/stego_data/person_0181.jpg,0
data/stego_data/person_0840.jpg,0
data/stego_data/person_0705.jpg,0
data/clear_data/person_0464.jpg,1
data/clear_data/person_0182.jpg,1
data/clear_data/person_0031.jpg,1
data/stego_data/person_0729.jpg,0
data/stego_data/person_0956.jpg,0
data/clear_data/person_0143.jpg,1
data/stego_data/person_0190.jpg,0
data/stego_data/person_0483.jpg,0
data/clear_data/person_0820.jpg,1
data/stego_data/person_0599.jpg,0
data/stego_data/person_0387.jpg,0
data/clear_data/person_0634.jpg,1
data/clear_data/person_0964.jpg,1
data/stego_data/person_0366.jpg,0
data/stego_data/person_0524.jpg,0
data/stego_data/person_0389.jpg,0
data/clear_data/person_0816.jpg,1
data/stego_data/person_0905.jpg,0
data/clear_data/person_0135.jpg,1
data/clear_data/person_0688.jpg,1
data/stego_data/person_0253.jpg,0
data/clear_data/person_0177.jpg,1
data/clear_data/person_0760.jpg,1
data/stego_data/person_0313.jpg,0
data/stego_data/person_0716.jpg,0
data/clear_data/person_0306.jpg,1
data/stego_data/person_0439.jpg,0
data/clear_data/person_0326.jpg,1
data/clear_data/person_0849.jpg,1
data/clear_data/person_0383.jpg,1
data/stego_data/person_0679.jpg,0
data/stego_data/person_0937.jpg,0
data/stego_data/person_0372.jpg,0
data/stego_data/person_0809.jpg,0
data/clear_data/person_0788.jpg,1
data/clear_data/person_0782.jpg,1
data/clear_data/person_0827.jpg,1
data/stego_data/person_0926.jpg,0
data/clear_data/person_0153.jpg,1
data/clear_data/person_0254.jpg,1
data/stego_data/person_0188.jpg,0
data/stego_data/person_0043.jpg,0
data/clear_data/person_0252.jpg,1
data/clear_data/person_0330.jpg,1
data/stego_data/person_0182.jpg,0
data/clear_data/person_0692.jpg,1
data/stego_data/person_0491.jpg,0
data/stego_data/person_0244.jpg,0
data/clear_data/person_0926.jpg,1
data/clear_data/person_0792.jpg,1
data/stego_data/person_0898.jpg,0
data/clear_data/person_0759.jpg,1
data/clear_data/person_0474.jpg,1
data/clear_data/person_0944.jpg,1
data/clear_data/person_0022.jpg,1
data/stego_data/person_0906.jpg,0
data/clear_data/person_0097.jpg,1
data/stego_data/person_0241.jpg,0
data/clear_data/person_0971.jpg,1
data/stego_data/person_0954.jpg,0
data/clear_data/person_0414.jpg,1
data/clear_data/person_0013.jpg,1
data/stego_data/person_0873.jpg,0
data/stego_data/person_0825.jpg,0
data/stego_data/person_0866.jpg,0
data/clear_data/person_0852.jpg,1
data/clear_data/person_0879.jpg,1
data/stego_data/person_0386.jpg,0
data/clear_data/person_0494.jpg,1
data/clear_data/person_0471.jpg,1
data/clear_data/person_0032.jpg,1
data/clear_data/person_0025.jpg,1
data/clear_data/person_0553.jpg,1
data/clear_data/person_0033.jpg,1
data/clear_data/person_0949.jpg,1
data/clear_data/person_0545.jpg,1
data/clear_data/person_0616.jpg,1
data/stego_data/person_0796.jpg,0
data/clear_data/person_0868.jpg,1
data/clear_data/person_0144.jpg,1
data/clear_data/person_0057.jpg,1
data/clear_data/person_0510.jpg,1
data/stego_data/person_0947.jpg,0
data/stego_data/person_0672.jpg,0
data/stego_data/person_0515.jpg,0
data/stego_data/person_0786.jpg,0
data/stego_data/person_0969.jpg,0
data/stego_data/person_0089.jpg,0
data/clear_data/person_0841.jpg,1
data/stego_data/person_0746.jpg,0
data/stego_data/person_0316.jpg,0
data/stego_data/person_0930.jpg,0
data/clear_data/person_0162.jpg,1
data/clear_data/person_0037.jpg,1
data/stego_data/person_0108.jpg,0
data/stego_data/person_0543.jpg,0
data/clear_data/person_0192.jpg,1
data/clear_data/person_0541.jpg,1
data/clear_data/person_0193.jpg,1
data/stego_data/person_0142.jpg,0
data/clear_data/person_0101.jpg,1
data/clear_data/person_0767.jpg,1
data/clear_data/person_0600.jpg,1
data/stego_data/person_0364.jpg,0
data/stego_data/person_0681.jpg,0
data/clear_data/person_0690.jpg,1
data/stego_data/person_0045.jpg,0
data/clear_data/person_0266.jpg,1
data/stego_data/person_0157.jpg,0
data/stego_data/person_0180.jpg,0
data/stego_data/person_0084.jpg,0
data/clear_data/person_0962.jpg,1
data/stego_data/person_0691.jpg,0
data/stego_data/person_0770.jpg,0
data/stego_data/person_0356.jpg,0
data/stego_data/person_0399.jpg,0
data/stego_data/person_0127.jpg,0
data/clear_data/person_0272.jpg,1
data/stego_data/person_0052.jpg,0
data/stego_data/person_0063.jpg,0
data/clear_data/person_0670.jpg,1
data/clear_data/person_0304.jpg,1
data/stego_data/person_0921.jpg,0
data/stego_data/person_0467.jpg,0
data/stego_data/person_0476.jpg,0
data/clear_data/person_0416.jpg,1
data/stego_data/person_0098.jpg,0
data/stego_data/person_0226.jpg,0
data/stego_data/person_0358.jpg,0
data/clear_data/person_0618.jpg,1
data/stego_data/person_0090.jpg,0
data/clear_data/person_0957.jpg,1
data/stego_data/person_0154.jpg,0
data/stego_data/person_0966.jpg,0
data/stego_data/person_0047.jpg,0
data/stego_data/person_0095.jpg,0
data/stego_data/person_0469.jpg,0
data/clear_data/person_0427.jpg,1
data/stego_data/person_0520.jpg,0
data/clear_data/person_0392.jpg,1
data/clear_data/person_0892.jpg,1
data/clear_data/person_0932.jpg,1
data/clear_data/person_0646.jpg,1
data/stego_data/person_0407.jpg,0
data/clear_data/person_0829.jpg,1
data/clear_data/person_0704.jpg,1
data/stego_data/person_0845.jpg,0
data/clear_data/person_0509.jpg,1
data/stego_data/person_0980.jpg,0
data/clear_data/person_0443.jpg,1
data/stego_data/person_0160.jpg,0
data/stego_data/person_0201.jpg,0
data/clear_data/person_0775.jpg,1
data/clear_data/person_0280.jpg,1
data/stego_data/person_0908.jpg,0
data/stego_data/person_0359.jpg,0
data/clear_data/person_0219.jpg,1
data/clear_data/person_0114.jpg,1
data/clear_data/person_0639.jpg,1
data/clear_data/person_0910.jpg,1
data/clear_data/person_0340.jpg,1
data/stego_data/person_0922.jpg,0
data/clear_data/person_0093.jpg,1
data/stego_data/person_0072.jpg,0
data/clear_data/person_0576.jpg,1
data/clear_data/person_0630.jpg,1
data/clear_data/person_0655.jpg,1
data/clear_data/person_0318.jpg,1
data/clear_data/person_0768.jpg,1
data/clear_data/person_0450.jpg,1
data/clear_data/person_0348.jpg,1
data/clear_data/person_0163.jpg,1
data/clear_data/person_0727.jpg,1
data/clear_data/person_0205.jpg,1
data/clear_data/person_0749.jpg,1
data/clear_data/person_0707.jpg,1
data/clear_data/person_0712.jpg,1
data/clear_data/person_0648.jpg,1
data/clear_data/person_0026.jpg,1
data/clear_data/person_0433.jpg,1
data/clear_data/person_0303.jpg,1
data/stego_data/person_0584.jpg,0
data/stego_data/person_0333.jpg,0
data/clear_data/person_0946.jpg,1
data/clear_data/person_0702.jpg,1
data/stego_data/person_0595.jpg,0
data/clear_data/person_0470.jpg,1
data/stego_data/person_0459.jpg,0
data/clear_data/person_0939.jpg,1
data/stego_data/person_0013.jpg,0
data/clear_data/person_0880.jpg,1
data/clear_data/person_0492.jpg,1
data/stego_data/person_0172.jpg,0
data/stego_data/person_0724.jpg,0
data/clear_data/person_0278.jpg,1
data/clear_data/person_0757.jpg,1
data/stego_data/person_0853.jpg,0
data/stego_data/person_0943.jpg,0
data/clear_data/person_0558.jpg,1
data/clear_data/person_0515.jpg,1
data/stego_data/person_0293.jpg,0
data/clear_data/person_0293.jpg,1
data/clear_data/person_0052.jpg,1
data/clear_data/person_0449.jpg,1
data/stego_data/person_0540.jpg,0
data/stego_data/person_0479.jpg,0
data/clear_data/person_0437.jpg,1
data/clear_data/person_0175.jpg,1
data/stego_data/person_0224.jpg,0
data/clear_data/person_0560.jpg,1
data/stego_data/person_0967.jpg,0
data/stego_data/person_0577.jpg,0
data/stego_data/person_0656.jpg,0
data/stego_data/person_0286.jpg,0
data/stego_data/person_0053.jpg,0
data/clear_data/person_0826.jpg,1
data/stego_data/person_0279.jpg,0
data/stego_data/person_0361.jpg,0
data/clear_data/person_0234.jpg,1
data/clear_data/person_0297.jpg,1
data/stego_data/person_0261.jpg,0
data/clear_data/person_0762.jpg,1
data/clear_data/person_0247.jpg,1
data/clear_data/person_0257.jpg,1
data/stego_data/person_0737.jpg,0
data/stego_data/person_0331.jpg,0
data/stego_data/person_0189.jpg,0
data/clear_data/person_0922.jpg,1
data/stego_data/person_0412.jpg,0
data/clear_data/person_0970.jpg,1
data/stego_data/person_0713.jpg,0
data/clear_data/person_0320.jpg,1
data/clear_data/person_0528.jpg,1
data/stego_data/person_0429.jpg,0
data/stego_data/person_0466.jpg,0
data/stego_data/person_0881.jpg,0
data/clear_data/person_0115.jpg,1
data/clear_data/person_0638.jpg,1
data/stego_data/person_0458.jpg,0
data/stego_data/person_0521.jpg,0
data/stego_data/person_0058.jpg,0
data/clear_data/person_0016.jpg,1
data/stego_data/person_0553.jpg,0
data/clear_data/person_0291.jpg,1
data/clear_data/person_0487.jpg,1
data/stego_data/person_0314.jpg,0
data/clear_data/person_0230.jpg,1
data/clear_data/person_0071.jpg,1
data/clear_data/person_0123.jpg,1
data/stego_data/person_0633.jpg,0
data/stego_data/person_0587.jpg,0
data/stego_data/person_0650.jpg,0
data/stego_data/person_0592.jpg,0
data/stego_data/person_0847.jpg,0
data/clear_data/person_0831.jpg,1
data/stego_data/person_0940.jpg,0
data/stego_data/person_0161.jpg,0
data/stego_data/person_0752.jpg,0
data/stego_data/person_0446.jpg,0
data/clear_data/person_0610.jpg,1
data/clear_data/person_0731.jpg,1
data/clear_data/person_0364.jpg,1
data/clear_data/person_0927.jpg,1
data/stego_data/person_0764.jpg,0
data/clear_data/person_0365.jpg,1
data/clear_data/person_0656.jpg,1
data/clear_data/person_0496.jpg,1
data/clear_data/person_0337.jpg,1
data/stego_data/person_0086.jpg,0
data/stego_data/person_0435.jpg,0
data/stego_data/person_0968.jpg,0
data/clear_data/person_0063.jpg,1
data/clear_data/person_0001.jpg,1
data/clear_data/person_0677.jpg,1
data/stego_data/person_0498.jpg,0
data/clear_data/person_0154.jpg,1
data/stego_data/person_0208.jpg,0
data/clear_data/person_0804.jpg,1
data/stego_data/person_0171.jpg,0
data/clear_data/person_0240.jpg,1
data/clear_data/person_0384.jpg,1
data/clear_data/person_0075.jpg,1
data/clear_data/person_0797.jpg,1
data/clear_data/person_0830.jpg,1
data/clear_data/person_0062.jpg,1
data/clear_data/person_0889.jpg,1
data/clear_data/person_0222.jpg,1
data/clear_data/person_0772.jpg,1
data/clear_data/person_0585.jpg,1
data/clear_data/person_0803.jpg,1
data/stego_data/person_0871.jpg,0
data/stego_data/person_0665.jpg,0
data/stego_data/person_0579.jpg,0
data/clear_data/person_0779.jpg,1
data/stego_data/person_0294.jpg,0
data/stego_data/person_0953.jpg,0
data/clear_data/person_0043.jpg,1
data/clear_data/person_0770.jpg,1
data/clear_data/person_0377.jpg,1
data/stego_data/person_0306.jpg,0
data/clear_data/person_0755.jpg,1
data/stego_data/person_0073.jpg,0
data/clear_data/person_0590.jpg,1
data/clear_data/person_0881.jpg,1
data/stego_data/person_0133.jpg,0
data/stego_data/person_0636.jpg,0
data/clear_data/person_0461.jpg,1
data/clear_data/person_0907.jpg,1
data/clear_data/person_0945.jpg,1
data/stego_data/person_0126.jpg,0
data/stego_data/person_0512.jpg,0
data/clear_data/person_0696.jpg,1
data/clear_data/person_0547.jpg,1
data/stego_data/person_0144.jpg,0
data/clear_data/person_0795.jpg,1
data/clear_data/person_0848.jpg,1
data/clear_data/person_0711.jpg,1
data/stego_data/person_0289.jpg,0
data/stego_data/person_0728.jpg,0
data/clear_data/person_0786.jpg,1
data/clear_data/person_0833.jpg,1
data/clear_data/person_0720.jpg,1
data/stego_data/person_0353.jpg,0
data/clear_data/person_0956.jpg,1
data/clear_data/person_0888.jpg,1
data/clear_data/person_0292.jpg,1
data/stego_data/person_0199.jpg,0
data/stego_data/person_0004.jpg,0
data/stego_data/person_0270.jpg,0
data/clear_data/person_0486.jpg,1
data/clear_data/person_0267.jpg,1
data/clear_data/person_0721.jpg,1
data/stego_data/person_0100.jpg,0
data/clear_data/person_0580.jpg,1
data/clear_data/person_0524.jpg,1
data/clear_data/person_0660.jpg,1
data/clear_data/person_0233.jpg,1
data/clear_data/person_0912.jpg,1
data/clear_data/person_0938.jpg,1
data/clear_data/person_0860.jpg,1
data/stego_data/person_0585.jpg,0
data/clear_data/person_0005.jpg,1
data/stego_data/person_0272.jpg,0
data/stego_data/person_0021.jpg,0
data/stego_data/person_0041.jpg,0
data/clear_data/person_0488.jpg,1
data/clear_data/person_0538.jpg,1
data/stego_data/person_0817.jpg,0
data/clear_data/person_0516.jpg,1
data/clear_data/person_0418.jpg,1
data/stego_data/person_0765.jpg,0
data/clear_data/person_0458.jpg,1
data/stego_data/person_0807.jpg,0
data/stego_data/person_0534.jpg,0
data/clear_data/person_0146.jpg,1
data/clear_data/person_0210.jpg,1
data/clear_data/person_0734.jpg,1
data/clear_data/person_0003.jpg,1
data/clear_data/person_0204.jpg,1
data/clear_data/person_0699.jpg,1
data/stego_data/person_0878.jpg,0
data/stego_data/person_0826.jpg,0
data/clear_data/person_0650.jpg,1
data/stego_data/person_0629.jpg,0
data/clear_data/person_0737.jpg,1
data/stego_data/person_0337.jpg,0
data/clear_data/person_0681.jpg,1
data/clear_data/person_0155.jpg,1
data/clear_data/person_0206.jpg,1
data/clear_data/person_0288.jpg,1
data/stego_data/person_0836.jpg,0
data/stego_data/person_0718.jpg,0
data/stego_data/person_0135.jpg,0
data/clear_data/person_0483.jpg,1
data/stego_data/person_0766.jpg,0
data/clear_data/person_0673.jpg,1
data/stego_data/person_0175.jpg,0
data/stego_data/person_0535.jpg,0
data/stego_data/person_0862.jpg,0
data/clear_data/person_0137.jpg,1
data/clear_data/person_0270.jpg,1
data/clear_data/person_0277.jpg,1
data/stego_data/person_0917.jpg,0
data/stego_data/person_0360.jpg,0
data/clear_data/person_0537.jpg,1
data/stego_data/person_0792.jpg,0
data/clear_data/person_0694.jpg,1
data/stego_data/person_0831.jpg,0
data/stego_data/person_0278.jpg,0
data/clear_data/person_0059.jpg,1
data/stego_data/person_0615.jpg,0
data/clear_data/person_0710.jpg,1
data/stego_data/person_0626.jpg,0
data/stego_data/person_0042.jpg,0
data/clear_data/person_0202.jpg,1
data/stego_data/person_0890.jpg,0
data/clear_data/person_0030.jpg,1
data/stego_data/person_0794.jpg,0
data/clear_data/person_0036.jpg,1
data/clear_data/person_0500.jpg,1
data/stego_data/person_0481.jpg,0
data/stego_data/person_0903.jpg,0
data/stego_data/person_0168.jpg,0
data/stego_data/person_0782.jpg,0
data/stego_data/person_0564.jpg,0
data/clear_data/person_0972.jpg,1
data/stego_data/person_0148.jpg,0
data/stego_data/person_0938.jpg,0
data/clear_data/person_0112.jpg,1
data/stego_data/person_0377.jpg,0
data/clear_data/person_0462.jpg,1
data/stego_data/person_0032.jpg,0
data/stego_data/person_0784.jpg,0
data/stego_data/person_0096.jpg,0
data/stego_data/person_0727.jpg,0
data/clear_data/person_0817.jpg,1
data/stego_data/person_0693.jpg,0
data/stego_data/person_0949.jpg,0
data/stego_data/person_0732.jpg,0
data/clear_data/person_0002.jpg,1
data/clear_data/person_0244.jpg,1
data/clear_data/person_0353.jpg,1
data/clear_data/person_0507.jpg,1
data/stego_data/person_0104.jpg,0
data/stego_data/person_0062.jpg,0
data/clear_data/person_0372.jpg,1
data/clear_data/person_0862.jpg,1
data/stego_data/person_0818.jpg,0
data/stego_data/person_0759.jpg,0
data/stego_data/person_0038.jpg,0
data/clear_data/person_0110.jpg,1
data/clear_data/person_0113.jpg,1
data/clear_data/person_0886.jpg,1
data/stego_data/person_0070.jpg,0
data/clear_data/person_0813.jpg,1
data/stego_data/person_0185.jpg,0
data/stego_data/person_0113.jpg,0
data/stego_data/person_0701.jpg,0
data/clear_data/person_0569.jpg,1
data/stego_data/person_0251.jpg,0
data/stego_data/person_0094.jpg,0
data/stego_data/person_0401.jpg,0
data/stego_data/person_0570.jpg,0
data/clear_data/person_0809.jpg,1
data/clear_data/person_0828.jpg,1
data/stego_data/person_0533.jpg,0
data/stego_data/person_0768.jpg,0
data/stego_data/person_0841.jpg,0
data/stego_data/person_0488.jpg,0
data/stego_data/person_0051.jpg,0
data/clear_data/person_0928.jpg,1
data/stego_data/person_0000.jpg,0
data/stego_data/person_0482.jpg,0
data/clear_data/person_0058.jpg,1
data/clear_data/person_0882.jpg,1
data/stego_data/person_0472.jpg,0
data/stego_data/person_0436.jpg,0
data/stego_data/person_0078.jpg,0
data/stego_data/person_0068.jpg,0
data/stego_data/person_0828.jpg,0
data/stego_data/person_0415.jpg,0
data/stego_data/person_0414.jpg,0
data/clear_data/person_0413.jpg,1
data/clear_data/person_0108.jpg,1
data/clear_data/person_0452.jpg,1
data/clear_data/person_0884.jpg,1
data/clear_data/person_0246.jpg,1
data/clear_data/person_0807.jpg,1
data/clear_data/person_0896.jpg,1
data/clear_data/person_0691.jpg,1
data/clear_data/person_0309.jpg,1
data/clear_data/person_0925.jpg,1
data/stego_data/person_0516.jpg,0
data/stego_data/person_0901.jpg,0
data/stego_data/person_0440.jpg,0
data/clear_data/person_0651.jpg,1
data/clear_data/person_0456.jpg,1
data/stego_data/person_0502.jpg,0
data/stego_data/person_0242.jpg,0
data/clear_data/person_0903.jpg,1
data/stego_data/person_0758.jpg,0
data/stego_data/person_0080.jpg,0
data/stego_data/person_0210.jpg,0
data/stego_data/person_0112.jpg,0
data/stego_data/person_0750.jpg,0
data/stego_data/person_0951.jpg,0
data/stego_data/person_0652.jpg,0
data/stego_data/person_0880.jpg,0
data/clear_data/person_0165.jpg,1
data/clear_data/person_0213.jpg,1
data/stego_data/person_0402.jpg,0
data/clear_data/person_0974.jpg,1
data/stego_data/person_0054.jpg,0
data/clear_data/person_0076.jpg,1
data/clear_data/person_0382.jpg,1
data/stego_data/person_0378.jpg,0
data/clear_data/person_0171.jpg,1
data/stego_data/person_0495.jpg,0
data/clear_data/person_0388.jpg,1
data/clear_data/person_0539.jpg,1
data/stego_data/person_0485.jpg,0
data/clear_data/person_0321.jpg,1
data/clear_data/person_0007.jpg,1
data/clear_data/person_0356.jpg,1
data/clear_data/person_0397.jpg,1
data/stego_data/person_0395.jpg,0
data/stego_data/person_0877.jpg,0
data/stego_data/person_0837.jpg,0
data/clear_data/person_0561.jpg,1
data/clear_data/person_0050.jpg,1
data/clear_data/person_0687.jpg,1
data/stego_data/person_0984.jpg,0
data/clear_data/person_0322.jpg,1
data/stego_data/person_0721.jpg,0
data/clear_data/person_0785.jpg,1
data/stego_data/person_0003.jpg,0
data/stego_data/person_0240.jpg,0
data/stego_data/person_0621.jpg,0
data/clear_data/person_0793.jpg,1
data/stego_data/person_0202.jpg,0
data/stego_data/person_0907.jpg,0
data/stego_data/person_0235.jpg,0
data/stego_data/person_0327.jpg,0
data/stego_data/person_0781.jpg,0
data/clear_data/person_0918.jpg,1
data/stego_data/person_0528.jpg,0
data/stego_data/person_0931.jpg,0
data/clear_data/person_0090.jpg,1
data/clear_data/person_0475.jpg,1
data/stego_data/person_0179.jpg,0
data/clear_data/person_0718.jpg,1
data/stego_data/person_0380.jpg,0
data/clear_data/person_0039.jpg,1
data/stego_data/person_0707.jpg,0
data/clear_data/person_0596.jpg,1
data/stego_data/person_0544.jpg,0
data/clear_data/person_0802.jpg,1
data/stego_data/person_0634.jpg,0
data/clear_data/person_0265.jpg,1
data/stego_data/person_0979.jpg,0
data/clear_data/person_0627.jpg,1
data/stego_data/person_0964.jpg,0
data/stego_data/person_0166.jpg,0
data/clear_data/person_0263.jpg,1
data/stego_data/person_0024.jpg,0
data/clear_data/person_0083.jpg,1
data/stego_data/person_0493.jpg,0
data/clear_data/person_0572.jpg,1
data/stego_data/person_0248.jpg,0
data/stego_data/person_0838.jpg,0
data/clear_data/person_0214.jpg,1
data/stego_data/person_0420.jpg,0
data/stego_data/person_0733.jpg,0
data/stego_data/person_0277.jpg,0
data/stego_data/person_0673.jpg,0
data/clear_data/person_0513.jpg,1
data/clear_data/person_0958.jpg,1
data/clear_data/person_0121.jpg,1
data/clear_data/person_0679.jpg,1
data/clear_data/person_0105.jpg,1
data/stego_data/person_0676.jpg,0
data/stego_data/person_0460.jpg,0
data/stego_data/person_0243.jpg,0
data/clear_data/person_0729.jpg,1
data/stego_data/person_0855.jpg,0
data/clear_data/person_0621.jpg,1
data/stego_data/person_0970.jpg,0
data/clear_data/person_0152.jpg,1
data/clear_data/person_0979.jpg,1
data/stego_data/person_0977.jpg,0
data/stego_data/person_0191.jpg,0
data/stego_data/person_0192.jpg,0
